Country/Region,2/1/20,3/1/20,4/1/20,5/1/20,6/1/20,8/1/20,9/1/20,10/1/20,11/1/20,12/1/20,1/1/21,2/1/21,3/1/21,4/1/21,5/1/21,6/1/21,7/1/21,8/1/21,9/1/21,10/1/21,11/1/21,12/1/21,1/1/22,2/1/22,3/1/22,4/1/22,5/1/22,6/1/22
Afghanistan,0,5,192,2171,15836,36796,38282,39371,41425,46498,52513,55059,55733,56517,59939,72977,120216,147501,153260,155191,156284,157359,158107,163555,173879,177782,178899,180419
Albania,0,0,259,782,1143,5396,9606,13806,21202,39014,58316,78992,107931,125506,131185,132337,132523,133121,147369,170778,185497,200173,210224,258543,271702,273759,275167,276221
Algeria,0,1,847,4154,9513,30950,44833,51690,58272,84152,99897,107578,113255,117304,122311,129218,140075,172564,196527,203517,206566,210723,218818,253520,265010,265679,265782,265887
Andorra,0,0,390,745,765,925,1184,2050,4825,6790,8117,9972,10889,12053,13232,13729,13918,14678,15046,15222,15516,17426,23740,35958,38165,40024,41349,42894
Angola,0,0,8,30,86,1164,2729,5114,11035,15251,17568,19829,20854,22399,26815,34752,38965,42815,47781,58076,64458,65183,82398,98226,98746,99194,99287,99761
Antarctica,0,0,0,0,0,0,0,0,0,0,0,0,0,0,0,0,0,0,0,0,0,0,11,11,11,11,11,11
Antigua and Barbuda,0,0,7,25,26,91,94,101,128,142,159,234,769,1147,1232,1260,1264,1303,1719,3336,4062,4141,4283,6627,7447,7493,7626,8253
Argentina,0,0,1054,4532,17415,196543,428239,765002,1173533,1432570,1629594,1933853,2112023,2363251,2993865,3817139,4491551,4935847,5190948,5258466,5289945,5332629,5674428,8427778,8904176,9039838,9083673,9230573
Armenia,0,1,571,2148,9492,38841,43878,50850,92254,135967,159738,167088,172216,193736,216596,222778,225221,230339,242750,262631,309397,339020,344980,370922,420156,422540,422871,422963
Australia,12,27,4862,6778,7221,17895,25923,27109,27601,27923,28460,28823,28986,29333,29824,30124,30684,34612,56560,109516,173165,213357,462955,2620532,3256772,4628163,5992359,7346124
Austria,0,7,9937,15463,16642,21063,27354,44990,107182,280891,358774,410385,454870,540438,613688,640050,646042,654787,683900,739627,827894,1156022,1274628,1861707,2692641,3868236,4180075,4289988
Azerbaijan,0,3,359,1854,5662,32157,36578,40309,56444,125602,219041,230296,234662,263961,320322,334132,336122,344520,428736,484591,532570,590113,617311,663693,786502,791979,792578,792778
Bahamas,0,0,21,81,102,599,2276,4123,6714,7543,7887,8174,8519,9171,10453,11796,12735,14840,18139,21114,22407,22802,24476,32606,33146,33291,33578,34861
Bahrain,0,47,569,3170,11871,41190,52440,71374,81923,87137,92913,103582,123039,145380,177997,242790,265975,269303,272635,275130,276874,277721,282677,382748,517635,555003,569091,586267
Bangladesh,0,0,54,8238,49534,239860,314946,364987,409252,467225,514500,535582,546801,617764,760584,802305,921559,1264328,1503680,1556758,1569753,1576566,1585909,1811987,1944376,1951658,1952716,1953541
Barbados,0,0,34,81,92,122,176,193,237,278,395,1558,3115,3659,3863,4017,4082,4407,5072,8609,18023,25429,28810,45216,55385,59495,70449,80846
Belarus,0,1,163,14917,43403,67946,71962,79019,99459,138219,196223,249295,288267,323043,359982,395075,418212,446998,483231,540079,602058,656510,700421,744871,921263,963756,980680,982867
Belgium,0,2,13964,49032,58517,69402,85487,121059,441018,579212,648289,711417,772294,887920,993434,1063499,1085885,1124715,1187506,1247197,1360650,1786444,2105343,3184201,3563841,3851048,4056448,4152558
Belize,0,0,3,18,18,56,1050,1992,3577,5854,10776,11945,12313,12456,12668,12819,13300,14163,16493,21003,27149,30517,32840,52004,56773,57289,57497,59537
Benin,0,0,13,90,243,1805,2145,2357,2683,3015,3251,3893,5434,7313,7821,8058,8199,8394,15932,23890,24749,24863,24935,26450,26567,26952,26952,26952
Bhutan,0,0,4,7,43,102,227,282,354,414,689,859,867,886,1106,1632,2104,2518,2596,2601,2621,2640,2660,5203,13137,29139,59219,59628
Bolivia,0,0,115,1229,10531,78793,117267,135716,141833,144810,160985,218299,249767,273327,306527,374718,441286,473899,491340,500823,513810,538647,599753,859530,893512,902316,905074,909372
Bosnia and Herzegovina,0,0,459,1781,2524,11876,20234,27749,51505,89085,112143,122199,130979,171324,198461,204093,205032,205655,214759,235536,254348,275965,291313,349095,371381,375554,377087,377928
Botswana,0,0,4,23,38,804,1724,3172,6642,10742,14805,22738,30727,40878,46934,54973,71443,106690,156927,179220,187281,195068,219509,253036,263950,305526,305984,308126
Brazil,0,2,6836,92202,531286,2711992,3959158,4853148,5547951,6393950,7703971,9237011,10598476,12851165,14733396,16636801,18631426,19942499,20810944,21450424,21819251,22112425,22295621,25634781,28818850,29978513,30454499,31060017
Brunei,0,0,131,138,141,141,144,146,148,151,157,180,186,213,227,244,261,337,2858,7326,13246,15111,15470,16476,67762,134915,141911,148970
Bulgaria,0,0,422,1555,2519,11836,16454,20833,54069,148775,202540,219580,249626,346327,404846,418813,421902,425148,457487,504253,608499,697162,748184,963108,1093920,1139956,1156971,1165356
Burkina Faso,0,0,282,649,847,1143,1370,2088,2500,2931,6828,10768,12030,12774,13319,13435,13485,13588,13777,14262,14793,16000,17632,20649,20751,20858,20865,20899
Burma,0,0,15,151,228,353,919,14383,53405,92189,125042,140354,141916,142466,142831,143751,159347,302665,402640,465922,500950,522825,530946,536393,590237,611674,612900,613348
Burundi,0,0,2,11,63,395,445,510,589,689,822,1635,2217,2842,4018,4803,5482,7080,12585,17979,20078,20432,27366,37432,38127,38519,39998,42034
Cabo Verde,0,0,6,122,458,2480,3970,6126,8848,10816,11872,14098,15432,17587,24127,30523,32594,33822,35506,37604,38218,38393,42463,55721,55887,55957,56025,56384
Cambodia,1,1,109,122,125,240,274,278,292,329,379,466,844,2477,13790,30710,51384,77914,93510,112883,118613,120160,120507,121390,130589,135682,136252,136262
Cameroon,0,0,233,1832,6397,17255,19409,20838,22103,24487,26848,29617,35714,57337,72250,78929,80858,82064,84210,92303,102499,107148,109367,116718,119240,119544,119780,119947
Canada,4,38,12023,59025,92863,117140,130131,164444,240361,389268,596582,786927,873539,997021,1238302,1388921,1420024,1435347,1508295,1634313,1723169,1801609,2256747,3085591,3307510,3502925,3768329,3889304
Central African Republic,0,0,3,72,1069,4614,4711,4829,4866,4918,4963,4989,5004,5222,6411,7091,7141,7151,11296,11371,11579,11708,12163,13919,14225,14649,14649,14649
Chad,0,0,7,73,790,936,1017,1203,1498,1700,2141,3385,3986,4552,4824,4934,4951,4973,4994,5042,5105,5107,6183,7155,7257,7310,7411,7417
Chile,0,9,3137,18687,129020,357658,413145,464750,511864,552864,612564,730888,829770,1003406,1203755,1389357,1558557,1616942,1639123,1655071,1696786,1764274,1808398,2190561,3061019,3476914,3561016,3710521
China,11891,79932,84002,86850,87520,91690,94363,95568,97250,99336,102649,107902,109034,110169,111325,112329,113614,115473,117991,119790,121477,123725,128132,134564,456582,1400358,2024284,2097282
Colombia,0,0,1065,7006,30493,306181,624026,835339,1083321,1324792,1654880,2104506,2255260,2417826,2877746,3432422,4269297,4794414,4911082,4959144,5003977,5071817,5169855,5901715,6065801,6085270,6092667,6103455
Comoros,0,0,0,1,106,386,427,484,545,613,823,2811,3578,3704,3838,3881,3943,4028,4072,4147,4266,4508,6688,7832,8033,8088,8105,8120
Congo (Brazzaville),0,0,19,229,611,3200,3979,5089,5290,5774,7107,7887,8820,9681,10678,11658,12695,13186,13588,14359,17670,18970,20089,23705,24020,24071,24079,24079
Congo (Kinshasa),0,0,109,604,3195,9084,10104,10685,11373,12859,17849,22842,25962,28199,29904,31651,41353,49917,55146,56997,57565,58306,74793,85379,86039,86748,87023,88374
Costa Rica,0,0,375,725,1084,18187,42184,76828,109971,140172,169321,194569,205086,216764,250991,321279,369540,406814,466574,533873,560563,566959,570556,701471,809131,839368,852074,904934
Cote d'Ivoire,0,0,190,1333,2951,16109,18103,19755,20716,21334,22563,28475,32791,43889,46114,47319,48378,50278,56148,60335,61311,61758,71815,80783,81483,81741,81957,82226
Croatia,0,7,963,2085,2246,5224,10414,16827,51495,131342,212007,232520,243064,274054,334229,356397,359975,363758,374803,406307,471474,613914,720538,944552,1055943,1100618,1122982,1136706
Cuba,0,0,212,1537,2083,2633,4065,5670,6935,8381,12056,27592,50590,76276,107622,143323,193945,394343,659464,882477,952634,962628,966473,1046400,1070258,1091063,1103131,1105360
Cyprus,0,0,262,850,944,1114,1488,1755,4366,10565,23108,31387,35382,46833,66985,73578,77367,103668,115597,120272,124444,134965,169159,259784,324502,433217,480220,489963
Czechia,0,3,3508,7737,9302,16699,25117,74255,341644,528474,732022,987329,1240051,1539617,1632932,1661780,1667435,1673694,1679476,1692412,1765654,2172084,2480736,3043084,3587871,3828021,3906098,3920550
Denmark,0,4,3107,9311,11699,13789,17084,28396,47299,81949,165930,198960,211692,231265,252045,282135,294152,317700,346518,359237,389240,492521,823282,1787935,2783399,3061773,3117326,3137542
Diamond Princess,0,705,712,712,712,712,712,712,712,712,712,712,712,712,712,712,712,712,712,712,712,712,712,712,712,712,712,712
Djibouti,0,0,33,1097,3569,5084,5387,5417,5563,5680,5840,5932,6087,8180,11121,11537,11602,11652,11757,12870,13482,13504,13668,15472,15547,15587,15631,15675
Dominica,0,0,12,16,16,18,20,31,50,85,88,117,142,164,174,188,193,218,1638,3555,4823,6028,6862,9387,11108,11891,12161,14184
Dominican Republic,0,1,1284,7288,17572,71415,94979,112728,127332,144302,172218,215086,239998,253196,266861,294021,326193,342267,350468,359597,382476,407474,419927,556520,574912,578130,579443,584029
Ecuador,0,6,2748,26336,39098,86232,114309,138584,169194,193673,213378,250986,286367,330388,384589,427690,459538,487598,502146,510619,518175,527688,551620,739297,827760,859890,869696,878196
Egypt,0,2,779,5895,26384,94316,99115,103317,107736,116303,139471,166492,183010,202843,228584,263606,281524,284311,288732,305269,331968,359516,386358,428202,485093,505264,515645,515645
El Salvador,0,0,32,424,2582,17050,25820,29175,34015,39130,46515,55195,60337,64875,69198,73702,78766,86620,96067,104348,113422,119803,121945,135109,156364,161052,162089,162755
Equatorial Guinea,0,0,15,315,1306,4821,4965,5045,5088,5156,5277,5534,6095,7008,7694,8572,8742,8880,9477,12362,13368,13592,13710,15828,15884,16000,15907,15923
Eritrea,0,0,15,39,39,279,319,381,463,577,1320,2135,2866,3308,3671,4117,6028,6547,6642,6722,6839,7393,8026,9536,9704,9728,9734,9764
Estonia,0,1,779,1694,1870,2072,2395,3450,4985,12497,28406,44575,66628,107253,122450,129674,131085,133685,142363,156986,195382,223171,242123,344060,499083,557314,572193,576870
Eswatini,0,0,9,106,293,2706,4618,5500,5925,6442,9482,15804,17025,17344,18458,18601,19084,26220,43626,45971,46430,46753,66241,68423,69191,69832,70657,72571
Ethiopia,0,0,29,133,1257,17999,53304,76098,96583,110554,124652,138384,159972,208961,258062,271790,276250,280565,309351,347084,365372,371672,424340,465477,468770,469784,470581,473188
Fiji,0,0,5,18,18,27,29,32,34,42,49,55,59,67,119,464,4849,30413,47006,51130,52180,52532,54147,62855,63930,64417,64634,65007
Finland,1,9,1797,5422,6986,7485,8250,10407,16565,26117,36676,45820,58517,78593,87328,92866,96205,107866,128625,142728,159863,189817,277700,493114,657443,889626,1023013,1092193
France,6,130,56362,167846,187986,215135,309247,591783,1420870,2231344,2636045,3190701,3736390,4661841,5597295,5619133,5709806,6063402,6635813,6848693,6990332,7535587,9980940,19112755,22166213,25068545,27916102,28721343
Gabon,0,0,18,276,2655,7531,8533,8766,8968,9214,9571,10952,14849,19550,23075,24429,25054,25384,25888,30648,35525,37342,41798,46925,47543,47586,47602,47677
Gambia,0,0,4,12,25,498,3029,3584,3672,3743,3800,4139,4712,5459,5898,5993,6079,7709,9715,9935,9967,9989,10170,11863,11939,11988,11995,12002
Georgia,0,3,117,566,794,1171,1510,6640,40727,139343,228410,258351,270918,282260,311457,345196,367058,422188,553697,614763,721388,850102,936844,1200124,1612319,1648653,1655170,1657729
Germany,8,117,67366,160758,181815,209653,243599,291722,532930,1067473,1742661,2221971,2447068,2833173,3400532,3682911,3729033,3771262,3956387,4237619,4607208,5903999,7176814,9978146,14867218,21357039,24813817,26409455
Ghana,0,0,195,2074,8070,37014,44460,46656,48124,51667,54930,67010,84023,90583,92601,94011,95914,103019,119436,127482,130077,130920,143997,156920,159891,160971,161204,161443
Greece,0,7,1156,2612,2918,4587,10524,18886,40929,107470,139447,157495,192270,267172,346422,404163,423185,494907,590832,658368,747595,945095,1240862,1965719,2438872,3051531,3328623,3457256
Grenada,0,0,9,20,23,24,24,24,28,41,127,148,148,155,160,161,161,164,539,5236,5850,5898,6299,12498,13690,14012,14743,17750
Guatemala,0,0,39,644,5336,50979,74893,92409,108104,122774,138236,159632,174653,194756,228477,255833,296438,369626,475548,563257,601657,618436,628589,694513,780815,829881,846611,861916
Guinea,0,0,30,1537,3844,7308,9479,10652,12195,13119,13738,14555,16005,20083,22247,23194,23787,25801,29541,30420,30667,30770,32448,36166,36397,36459,36549,36764
Guinea-Bissau,0,0,9,257,1339,1981,2205,2324,2413,2441,2452,2634,3262,3661,3736,3770,3869,4498,5829,6110,6134,6442,6484,7586,8022,8149,8202,8269
Guyana,0,0,19,82,153,430,1373,2929,4208,5423,6348,7654,8595,10375,13404,17114,20142,22523,25770,32055,35657,37951,39779,60109,62946,63258,63482,64969
Haiti,0,0,15,76,1865,7412,8224,8766,9054,9294,10015,11533,12448,12762,13056,14565,18658,20077,20916,21916,23960,25351,25985,29323,30342,30547,30690,30861
Holy See,0,0,6,11,12,12,12,12,27,27,27,27,27,27,27,27,27,27,27,27,27,27,27,29,29,29,29,29
Honduras,0,0,172,804,5362,42685,61769,77598,98212,108253,122974,147843,170985,189726,213167,238820,263376,297111,340559,367275,375381,377859,379402,391874,412733,421062,423179,425371
Hungary,0,0,525,2863,3892,4526,6257,27309,79199,221073,325278,368710,432925,661721,781299,804712,808160,809491,812531,823384,874630,1114260,1256415,1562827,1789581,1854198,1901017,1919840
Iceland,0,3,1220,1798,1806,1893,2116,2769,4890,5413,5754,6009,6054,6205,6472,6576,6649,8051,10856,11839,13739,18055,27059,69177,133211,181830,185579,188291
India,1,3,1998,37257,198370,1750723,3769523,6394068,8229313,9499413,10305788,10766245,11124527,12303131,19557457,28307832,30458251,31695958,32857937,33791061,34296237,34606541,34889132,41630885,42938599,43027035,43082345,43164544
Indonesia,0,0,1677,10551,26940,109936,177571,291182,412784,543975,751270,1089308,1341314,1517854,1672880,1826527,2203108,3440396,4100138,4216728,4244761,4256687,4262994,4369391,5589176,6015748,6047040,6055341
Iran,0,978,47593,95646,154445,306752,376894,461044,620491,975951,1231429,1424596,1639679,1897314,2516157,2923823,3218860,3903519,5025233,5601565,5934495,6121757,6195403,6408244,7060741,7164484,7222308,7232268
Iraq,0,19,728,2153,6868,126704,238338,367474,475288,554767,596193,620620,699088,856939,1070366,1205522,1353458,1635993,1895459,2005991,2056401,2082061,2093891,2218483,2303816,2319908,2325175,2328264
Ireland,0,1,3447,20833,25062,26109,29025,36597,62002,72798,93532,197553,220273,236600,249437,262380,272784,302074,354236,390989,448449,573905,811840,1187216,1303720,1465150,1517112,1565970
Israel,0,7,6413,16012,17179,72359,119158,255142,315007,338389,428510,652246,779958,833456,838481,839511,842067,875801,1082981,1285570,1328218,1344103,1390053,2966444,3642695,3926812,4077856,4143714
Italy,2,1694,110574,207428,233197,247832,270189,317409,709335,1620901,2129376,2560957,2938371,3607083,4035617,4220304,4260788,4355348,4546487,4675758,4774783,5043620,6266939,11116422,12829972,14719394,16504791,17440232
Jamaica,0,0,44,432,588,883,2459,6555,9131,10810,12915,15778,23599,39543,45777,48594,50166,53237,68482,84069,89123,91272,94649,124806,128053,128786,129978,137396
Japan,20,259,2535,14558,16778,37790,69018,84212,101936,150857,239005,392533,433334,477691,598754,749126,801337,936852,1514400,1706516,1722427,1726751,1732752,2820053,5071249,6604726,7898133,8861405
Jordan,0,0,278,459,746,1208,2097,13101,75866,223617,295765,328062,397158,618059,712077,737284,751937,771753,798091,824697,864661,958990,1064277,1243090,1638228,1692485,1695745,1696937
Kazakhstan,0,0,380,3597,11308,90367,131596,140958,150380,175565,202060,237029,263396,299626,378441,444377,485352,649207,868921,965080,1021452,1055779,1072999,1332643,1390966,1393820,1394523,1394918
Kenya,0,0,81,411,2021,21363,34315,38713,55877,84169,96614,100856,106125,135042,160053,171084,184537,203680,236881,249725,253339,255164,297155,321552,322978,323436,323786,325070
Kiribati,0,0,0,0,0,0,0,0,0,0,0,0,0,0,0,2,2,2,2,2,2,2,2,629,2940,3066,3084,3098
"Korea, North",0,0,0,0,0,0,0,0,0,0,0,0,0,0,0,0,0,0,0,0,0,0,0,0,0,0,0,1
"Korea, South",12,3736,9887,10780,11541,14366,20449,23952,26732,35163,62593,78844,90372,104194,123240,141476,158549,201002,255401,316020,367974,457612,639083,884310,3492686,13639915,17295733,18129313
Kosovo,0,0,112,806,1083,8554,13601,15663,19328,40117,51502,60218,68451,91079,103638,107021,107768,108465,146880,160114,160767,161099,161531,207971,226309,227497,228083,228373
Kuwait,0,45,317,4377,27762,67448,85811,105676,126534,142992,150869,165843,192031,233521,275270,310501,358511,398538,409961,411690,412708,413383,417723,552153,620452,628978,631409,633225
Kyrgyzstan,0,0,111,756,1817,36299,43958,46841,58878,73178,81156,84588,86308,88538,95752,105111,126395,163846,175876,178608,181327,183404,184748,198518,200527,200946,200993,200993
Laos,0,0,10,19,19,20,22,23,24,39,41,44,45,49,821,1929,2144,6566,15289,24310,40956,75163,112083,134438,142967,179563,207469,210026
Latvia,0,0,446,870,1066,1238,1404,1868,6136,17687,41615,66652,86458,103001,119370,133518,137500,138899,143106,159418,219911,254690,276841,401792,662644,800687,822013,828822
Lebanon,0,10,479,729,1233,4730,17777,40882,82617,129455,183888,303072,376938,471962,527508,540630,545016,562527,603288,624743,642225,672548,731288,928522,1070696,1092509,1097044,1099265
Lesotho,0,0,0,0,2,702,1085,1639,1953,2137,3206,8900,10495,10706,10731,10831,11416,13603,14395,21320,21635,21807,29652,32176,32612,32910,33015,33358
Liberia,0,0,6,141,288,1186,1305,1343,1426,1598,1800,1939,2010,2053,2099,2191,4093,5404,5594,5799,5815,5824,6278,7272,7384,7400,7434,7456
Libya,0,0,10,63,168,3691,14624,35208,62045,83417,100744,119402,134127,159980,177508,186072,193905,253436,310637,341091,357964,373210,388734,433932,495115,501738,501904,502016
Liechtenstein,0,0,73,83,83,89,108,121,601,1345,2245,2567,2652,2756,3028,3103,3133,3190,3403,3558,3662,4745,6167,9035,12052,16429,17185,17507
Lithuania,0,1,512,1389,1671,2087,2923,4779,15698,62511,145430,182898,199398,217005,248655,274776,278809,283016,299532,333690,410580,472239,521692,688685,907144,1027432,1058431,1062669
Luxembourg,0,1,2319,3802,4019,6793,6625,8595,17134,35129,46415,50733,55480,61881,67205,69983,70895,73870,75904,78326,81683,89766,103766,159438,183802,216979,237856,248279
MS Zaandam,0,0,9,9,9,9,9,9,9,9,9,9,9,9,9,9,9,9,9,9,9,9,9,9,9,9,9,9
Madagascar,0,0,57,132,826,11273,14957,16454,17111,17341,17714,19065,19831,24696,37296,41366,42247,42665,42873,42898,43626,44330,50279,59319,63659,64009,64152,64377
Malawi,0,0,0,37,336,4186,5576,5779,5932,6028,6684,24365,32008,33584,34095,34346,36359,52631,60583,61597,61800,61926,75828,84572,85347,85650,85781,85991
Malaysia,8,29,2908,6071,7857,8985,9354,11484,32505,67169,115078,219173,302580,346678,411594,579462,758967,1130422,1765016,2257584,2476268,2638221,2761472,2876324,3468590,4219395,4449507,4508319
Maldives,0,0,19,491,1829,3949,8003,10354,11701,13049,13804,16056,19979,24379,30237,65164,73931,77547,81301,84866,87915,91750,95891,141060,170655,177000,179171,179753
Mali,0,0,31,508,1315,2535,2777,3131,3565,4762,7203,8100,8390,10199,13896,14271,14428,14587,14895,15255,16098,17500,21378,30101,30383,30489,30843,31102
Malta,0,0,188,467,619,845,1909,3095,6182,9975,12909,18027,22657,29085,30307,30543,30627,34375,36247,37163,37673,39530,53503,67966,71361,80198,91861,94857
Marshall Islands,0,0,0,0,0,0,0,0,2,4,4,4,4,4,4,4,4,4,4,4,4,4,4,7,7,7,17,17
Mauritania,0,0,6,8,588,6319,7075,7505,7704,8710,14581,16662,17217,17878,18429,19598,20894,25973,33725,36079,37368,39339,41867,58298,58638,58670,58688,59154
Mauritius,0,0,143,332,335,344,356,381,441,504,527,568,619,1034,1206,1416,1913,4214,10676,15776,23588,56048,68552,107293,169796,210343,220344,225862
Mexico,0,5,1378,20739,93435,434193,606036,748315,929392,1122362,1437185,1869708,2089281,2244268,2347780,2420659,2525350,2854992,3369747,3671611,3807211,3891218,3988916,4985689,5521744,5662073,5739680,5779027
Micronesia,0,0,0,0,0,0,0,0,0,0,0,1,1,1,1,1,1,1,1,1,1,1,1,1,1,1,5,30
Moldova,0,0,423,3980,8360,25113,37208,54064,76582,108863,145258,160086,186447,231756,251160,255241,256816,259549,268105,295681,339114,364433,376434,445046,502386,513757,516986,518967
Monaco,0,1,55,95,99,120,154,219,366,617,885,1499,1965,2305,2457,2506,2580,2891,3211,3314,3414,3797,4985,8183,9445,10790,11771,12230
Mongolia,0,0,14,38,185,291,301,313,346,791,1220,1814,2952,8841,37285,59229,117963,166210,217741,389987,592994,670381,693119,846940,908157,918867,920671,925073
Montenegro,0,0,123,322,324,3198,4917,10987,18714,35849,48589,61972,76283,91573,97517,99652,100272,102092,115956,131946,144692,157611,171873,220597,230363,233179,235292,237287
Morocco,0,0,654,4569,7833,25015,63781,126044,222544,359844,440970,471438,483766,496676,511562,519610,532150,629717,866968,934007,946283,950088,965420,1135796,1161131,1163359,1164973,1168664
Mozambique,0,0,10,79,254,1907,4039,8888,12988,15770,18794,39460,59607,67729,69965,70850,77205,123541,146754,150759,151302,151594,191722,223949,225063,225261,225386,225781
Namibia,0,0,14,16,25,2224,7692,11373,12988,14416,24545,34168,39033,44374,48654,55812,91208,119285,125136,127680,128938,129243,148839,155942,157225,157646,158811,166659
Nepal,1,1,5,59,1811,20086,40529,79728,173567,233452,261019,271118,274216,277461,328893,566587,640662,697370,764295,795959,813011,821651,828773,957570,977076,978442,978828,979152
Netherlands,0,18,14697,40236,46647,55098,71863,127922,368147,532444,813765,985224,1096433,1287696,1507615,1654282,1686766,1869909,1946655,2006421,2147473,2684734,3165793,4605248,6398114,7881011,8050019,8087242
New Zealand,0,1,708,1485,1504,1565,1757,1848,1963,2060,2162,2307,2382,2501,2618,2679,2742,2877,3645,4319,6723,11895,14255,16817,142918,684374,943428,1178816
Nicaragua,0,0,5,14,885,3080,3659,4146,4424,4629,4829,4992,5142,5326,5498,5833,6604,7592,9283,11273,12866,13397,13563,13681,13958,14269,14395,14538
Niger,0,0,74,728,958,1136,1176,1197,1221,1586,3403,4537,4740,5021,5229,5410,5492,5637,5857,6025,6366,7007,7438,8655,8756,8801,8941,9031
Nigeria,0,1,174,2170,10578,43537,54247,59001,62964,67838,88587,131918,156017,162997,165110,166534,167692,174315,193013,205940,212051,214270,242877,253340,254570,255468,255753,256028
North Macedonia,0,1,354,1494,2315,10891,14455,18138,32436,62945,83743,92753,103020,131424,152581,155304,155689,156452,177399,191820,202705,215995,225484,270897,297738,306178,309571,312022
Norway,0,19,4863,7783,8446,9253,10871,14149,20635,36591,49803,63262,71735,96770,113259,125576,131509,137853,161814,189915,208615,271623,396415,804286,1257079,1407422,1426128,1433986
Oman,0,6,210,2447,12223,79159,85928,98585,115734,123908,128867,134524,141808,160018,193253,218271,270504,296835,302393,303769,304299,304572,305489,341708,382244,388343,389126,389473
Pakistan,0,4,2421,19103,76398,278305,296149,313431,335093,403311,484362,547648,582528,678165,829933,924667,959685,1039695,1167757,1248202,1274017,1285631,1296527,1436413,1510986,1525181,1527956,1530520
Palau,0,0,0,0,0,0,0,0,0,0,0,0,0,0,0,0,0,0,2,5,8,8,12,1810,3781,4042,4610,5065
Panama,0,0,1181,6720,13837,66383,93552,113342,134336,167311,249733,321103,341420,355499,364844,378828,404983,436475,458157,467338,472664,477990,497808,705880,755853,764831,777120,861711
Papua New Guinea,0,0,1,8,8,91,460,539,589,669,780,867,1365,6112,11119,15910,17098,17717,17926,20455,29813,35237,36158,37270,41290,43203,43817,44551
Paraguay,0,0,77,333,995,5485,18338,41799,63731,83479,108349,133781,160448,216278,281023,358244,424998,452698,458614,459967,461086,463121,466101,589318,642184,648353,649455,650661
Peru,0,0,1323,40459,170039,407492,652037,814829,902503,963605,1015137,1138239,1329805,1561723,1799445,1955469,2057554,2113201,2150006,2177283,2202189,2237842,2301177,3239538,3518721,3547606,3565839,3581524
Philippines,1,3,2311,8772,18638,98232,224264,314079,383113,432925,475820,527272,578381,756199,1046653,1235467,1418337,1597689,2003955,2565487,2790375,2833038,2847486,3569665,3663059,3678598,3685895,3690707
Poland,0,0,2554,13105,24165,46346,67922,93481,379902,999924,1305774,1515889,1711772,2356970,2798617,2872868,2880010,2883029,2889036,2908432,3030151,3569137,4120248,4925270,5680034,5966970,5996748,6007840
Portugal,0,0,8251,25351,32700,51310,58243,76396,144341,300462,420629,726321,804956,822314,836947,849538,882006,970937,1039492,1069975,1091142,1151919,1412936,2718138,3385947,3750596,4041278,4717243
Qatar,0,3,835,14096,58433,110911,118994,125959,132720,139001,144042,151720,164137,180804,206302,217688,222217,226390,232910,236735,239374,243607,251361,340383,357292,361545,364655,369049
Romania,0,3,2460,12567,19398,52111,88593,129658,246663,479634,636201,730056,804090,958918,1056572,1077978,1080823,1083341,1100208,1244555,1655024,1780808,1810342,2256543,2741945,2856491,2894368,2909495
Russia,2,2,2777,114431,414328,843890,997072,1179634,1624648,2302062,3153960,3825739,4209850,4503291,4759902,5022881,5472722,6207513,6838652,7425057,8417305,9500836,10340011,11795059,16257688,17601907,17924145,18067977
Rwanda,0,0,82,249,377,2042,4142,4843,5146,5948,8460,15459,18986,21918,25225,27023,39914,71346,88197,97695,99727,100362,112654,128933,129516,129726,129810,130061
Saint Kitts and Nevis,0,0,8,15,15,17,17,19,19,22,32,38,41,44,45,73,457,594,1121,1965,2675,2786,3043,5446,5530,5549,5566,5746
Saint Lucia,0,0,13,17,18,25,26,27,84,259,353,1411,3390,4245,4560,5072,5302,5610,8322,11573,12573,13017,13640,20942,22712,22959,23394,25777
Saint Vincent and the Grenadines,0,0,1,16,26,54,61,64,75,85,121,901,1628,1750,1864,2044,2227,2291,2348,3563,4995,5562,5850,7929,8311,8335,8419,8717
Samoa,0,0,0,0,0,0,0,0,0,2,2,2,3,3,3,3,3,3,3,3,3,3,3,32,33,2128,9592,13499
San Marino,0,1,236,569,687,716,735,750,958,1612,2384,3025,3716,4738,5066,5090,5092,5143,5331,5440,5547,6084,8202,12884,14414,15345,16437,17124
Sao Tome and Principe,0,0,0,16,484,874,896,911,949,996,1022,1259,1828,2232,2302,2345,2369,2454,2627,3504,3714,3731,3903,5899,5934,5945,5957,5991
Saudi Arabia,0,0,1720,24097,87142,277478,316670,335097,347656,357623,362878,368329,377700,390597,418411,451687,489126,526814,543318,547134,548666,549786,557082,691125,745590,750910,754110,768648
Senegal,0,0,190,1024,3739,10284,13655,15019,15630,16107,19364,26927,34732,38782,40388,41433,43268,63002,72920,73782,73920,73990,75337,85038,85699,85901,85997,86117
Serbia,0,0,1060,9009,11430,25882,31482,33662,48403,183437,339997,397002,462728,605406,690931,712702,716643,722221,766279,949260,1148645,1257025,1300949,1697012,1913861,1978228,2006695,2017703
Seychelles,0,0,8,11,11,114,135,142,154,172,267,1201,2618,4189,5966,11612,15751,18362,20128,21507,22265,23537,24788,37190,39403,40421,42502,44016
Sierra Leone,0,0,2,136,865,1823,2028,2238,2366,2413,2635,3634,3887,3981,4057,4148,5652,6283,6368,6394,6398,6402,7114,7623,7665,7674,7681,7682
Singapore,16,106,1000,17101,35292,52512,56852,57784,58019,58228,58629,59565,59948,60407,61179,62069,62589,65102,67800,99430,200844,266049,279861,359075,748504,1101438,1193250,1306871
Slovakia,0,0,400,1403,1522,2337,3989,10938,63080,124318,285079,439325,592135,710422,755233,771363,775066,776512,780075,805983,902044,1182562,1374354,1593001,2134795,2450101,2528216,2542773
Slovenia,0,0,841,1434,1473,2171,2924,5865,35649,77135,123950,166836,190324,216939,241309,254045,257358,259273,267962,294335,337108,423162,465711,722648,895174,970541,1010555,1025367
Solomon Islands,0,0,0,0,0,0,0,0,8,17,17,17,18,19,20,20,20,20,20,20,20,20,24,1486,7258,11470,15677,21237
Somalia,0,0,5,601,2023,3212,3310,3593,3941,4451,4714,4784,7392,11499,13915,14667,14946,15456,17466,19980,21998,23016,23532,26067,26351,26410,26485,26565
South Africa,0,0,1380,5951,34357,503290,628259,676084,726823,792299,1073887,1456309,1513959,1549451,1582842,1669231,1995556,2456184,2787203,2904307,2922222,2976613,3468079,3608307,3675691,3718953,3795763,3960424
South Sudan,0,0,0,45,994,2352,2527,2704,2926,3111,3558,3929,8010,10197,10583,10688,10846,11049,11446,12021,12410,12777,15242,16810,16978,17278,17461,17617
Spain,1,84,104118,215216,239638,288522,470973,778607,1185678,1656444,1928265,2822805,3204531,3291394,3524077,3682778,3821305,4447044,4861883,4961128,5011148,5174720,6294745,10039126,11036085,11551574,11896152,12360256
Sri Lanka,1,1,146,690,1643,2815,3092,3382,11060,24532,43856,64983,83552,92917,109862,189241,260972,311349,444130,518775,541639,564733,587596,612322,646948,661781,663373,663838
Sudan,0,0,7,442,5026,11644,13189,13653,13804,18254,25730,29449,30364,31833,33944,35512,36658,37138,37709,38283,40433,43229,46518,58208,61488,61955,62117,62374
Summer Olympics 2020,0,0,0,0,0,0,0,0,0,0,0,0,0,0,0,0,6,264,811,865,865,865,865,865,865,865,865,865
Suriname,0,0,10,10,44,1760,4089,4891,5210,5319,6277,8449,8933,9122,10428,15128,21936,25402,29599,41631,49019,50882,52612,73956,78294,79229,79336,80547
Sweden,1,14,5320,22133,39309,77379,84521,93615,124355,260758,437379,566957,657309,813191,973604,1068473,1090553,1100040,1127917,1153655,1171512,1207498,1314784,2183910,2448182,2487852,2500917,2507948
Switzerland,0,27,17768,29705,30871,35412,42393,53832,154251,330874,452296,525095,557492,603092,659974,695496,703176,717665,782869,841573,877098,1025129,1332615,2253288,2818720,3507309,3619598,3674986
Syria,0,0,10,44,123,780,2830,4247,5789,7973,11526,14096,15642,19039,22818,24529,25551,25983,28045,34460,43666,48267,50310,51483,54664,55701,55813,55893
Taiwan*,10,40,329,429,443,474,488,515,558,679,802,912,955,1036,1132,8842,14853,15688,16001,16234,16417,16609,17050,18850,20533,23629,132955,2121231
Tajikistan,0,0,0,15,3930,7409,8583,9769,11017,12194,13665,13714,13714,13714,13714,13714,13929,15550,17252,17484,17486,17493,17493,17716,17786,17786,17786,17786
Tanzania,0,0,20,480,509,509,509,509,509,509,509,509,509,509,509,509,509,1017,1367,25846,26154,26270,29306,33230,33620,33815,33872,35354
Thailand,19,42,1771,2960,3082,3312,3417,3569,3784,4008,7163,19618,26031,28889,67044,162022,264834,615314,1219531,1615229,1920189,2120758,2226446,2456551,2934544,3684755,4262484,4457580
Timor-Leste,0,0,1,24,24,24,27,28,30,30,44,70,113,643,2276,7161,9278,10966,16941,19535,19790,19825,19839,20105,22693,22832,22871,22916
Togo,0,0,36,123,443,958,1416,1809,2357,2997,3662,5092,6933,10654,12992,13481,13962,15870,21561,25429,26079,26273,30163,36509,36806,36943,36989,37097
Tonga,0,0,0,0,0,0,0,0,0,0,0,0,0,0,0,0,0,0,0,0,1,1,1,1,355,6546,10196,11742
Trinidad and Tobago,0,0,90,116,117,173,1797,4570,5704,6685,7158,7566,7716,8072,11072,24314,33029,38930,44957,50903,57419,72019,92201,112019,128145,138159,148335,161790
Tunisia,0,0,423,998,1084,1552,3963,18413,61115,96769,140557,210045,233669,255308,310734,346986,426879,595532,666168,707548,712776,717710,727843,917814,998230,1035884,1040193,1042872
Turkey,0,0,15679,122392,164769,231869,271705,320070,377473,668957,2220855,2485182,2711479,3357988,4849408,5256516,5430940,5747935,6412277,7182943,8061666,8818144,9519281,11722483,14149341,14873927,15033573,15072747
United States,8,32,223254,1111410,1806079,4601267,6084855,7286275,9235298,13825134,20370227,26463281,28797854,30639642,32500514,33396892,33791514,35144983,39573739,43681338,46149063,48721118,55024406,75425352,79102176,80143284,81379937,84460998
Uganda,0,0,44,85,457,1176,3037,8287,12743,21035,35511,39606,40367,40889,41905,47761,81034,94195,120075,123742,126236,127589,142604,161929,163342,163919,164084,164366
Ukraine,0,0,794,10861,24562,72609,126279,218625,407573,765117,1096855,1263833,1399934,1742710,2132742,2263167,2301221,2334433,2387052,2545904,3073125,3619223,3852397,4287117,5040518,5040518,5040518,5040518
United Arab Emirates,4,21,814,13038,35192,60760,70805,95348,133907,170149,209678,306339,394050,463759,521948,572804,634582,682377,719355,736268,739983,742109,764493,847142,880451,891588,898811,908647
United Kingdom,2,94,43398,182270,257579,303942,337168,460178,1034914,1643086,2542065,3835783,4182009,4350266,4418530,4490438,4828463,5880667,6825074,7841625,9097311,10276007,13100458,17428345,18985568,21216874,22038340,22305893
Uruguay,0,0,350,648,825,1278,1611,2061,3149,6024,19753,42128,58589,108188,200908,298006,370600,381569,385078,389025,394053,399966,414294,679878,844400,888639,897867,925777
Uzbekistan,0,0,181,2086,3702,24783,42127,57190,67156,73276,77182,78755,79926,83050,91250,100495,111153,130216,157136,174408,186244,193424,199030,224023,236501,237787,238596,239046
Vanuatu,0,0,0,0,0,0,0,0,0,1,1,1,1,3,4,4,4,4,4,4,6,6,7,7,18,3710,7507,9223
Venezuela,0,0,143,335,1662,19443,47756,76029,92325,102621,113884,127346,139545,161751,198865,235567,274024,306673,335233,368968,407866,432514,444828,485974,515124,520497,522434,523710
Vietnam,6,16,218,270,328,590,1044,1095,1180,1351,1474,1850,2448,2617,2942,7625,17727,157507,473530,797712,926720,1252590,1746092,2286750,3557629,9650663,10653526,10720426
West Bank and Gaza,0,0,134,353,449,12160,23281,40322,54060,88004,139223,159443,185336,244645,296462,308732,314288,316861,344957,405056,453782,460799,469748,535160,647203,655750,657060,657705
Winter Olympics 2022,0,0,0,0,0,0,0,0,0,0,0,0,0,0,0,0,0,0,0,0,0,0,0,272,524,535,535,535
Yemen,0,0,0,7,354,1730,1962,2039,2063,2077,2101,2122,2310,4531,6325,6751,6923,7070,7900,9111,9799,10006,10127,11061,11771,11806,11818,11822
Zambia,0,0,36,109,1089,6228,12381,14802,16480,17665,20997,55042,79002,88549,91670,95821,157832,196293,206522,209114,209739,210195,257948,305557,312970,316941,319733,321915
Zimbabwe,0,0,8,40,203,3659,6559,7850,8374,10129,14084,33548,36115,36896,38260,38998,51221,109546,124960,131028,133007,135337,214214,229851,236871,246414,247911,252874